date,open,high,low,close,volume
2022-04-21,12.960000,15.550000,12.960000,13.790000,882277280
2022-04-22,14.510000,15.170000,14.050000,15.170000,357664352
2022-04-25,15.690000,16.110000,13.780000,14.290000,598019056
2022-04-26,14.000000,14.270000,13.250000,13.620000,401307296
2022-04-27,14.030000,14.980000,13.800000,14.980000,418253536
2022-04-28,14.510000,15.460000,14.450000,15.460000,365473664
2022-04-29,16.000000,17.010000,15.510000,17.010000,418628336
2022-05-05,17.050000,17.210000,16.200000,16.200000,317221808
2022-05-06,15.810000,16.660000,15.650000,15.680000,294586800
2022-05-09,15.490000,16.390000,15.160000,16.260000,245111428
2022-05-10,15.400000,15.500000,14.890000,15.210000,249675105
2022-05-11,14.990000,15.780000,14.900000,15.480000,232697918
2022-05-12,15.670000,15.750000,14.950000,15.010000,170725354
2022-05-13,15.230000,15.500000,15.050000,15.260000,141844711
2022-05-16,15.450000,16.030000,15.430000,15.710000,185295831
2022-05-17,15.980000,16.280000,15.700000,15.820000,147227293
2022-05-18,15.610000,16.530000,15.280000,16.150000,151514048
2022-05-19,15.700000,15.820000,15.420000,15.680000,118212793
2022-05-20,15.550000,16.050000,15.550000,15.720000,106229956
2022-05-23,15.660000,16.330000,15.610000,16.150000,134552110
2022-05-24,16.140000,16.320000,15.850000,15.940000,106280085
2022-05-25,15.910000,16.950000,15.910000,16.620000,152806425
2022-05-26,16.550000,17.150000,16.430000,16.820000,101501095
2022-05-27,17.200000,18.500000,17.200000,18.500000,242039508
2022-05-30,18.390000,19.670000,18.220000,19.500000,182648507
2022-05-31,19.500000,19.900000,19.060000,19.470000,133607780
2022-06-01,19.000000,19.300000,18.700000,18.970000,95732138
2022-06-02,18.630000,18.650000,17.970000,18.000000,109286991
2022-06-06,18.500000,18.790000,18.350000,18.570000,102094733
2022-06-07,18.410000,19.300000,18.350000,18.900000,95215059
2022-06-08,19.160000,19.450000,18.700000,19.300000,97025042
2022-06-09,19.700000,20.360000,19.450000,19.720000,121973261
2022-06-10,19.300000,20.490000,19.300000,20.310000,88759842
2022-06-13,19.880000,20.180000,19.370000,19.610000,92989185
2022-06-14,19.410000,20.480000,19.330000,20.400000,101313754
2022-06-15,20.180000,20.260000,19.380000,19.380000,121283237
2022-06-16,19.000000,19.260000,18.340000,18.610000,137764417
2022-06-17,18.470000,18.880000,18.120000,18.650000,91223803
2022-06-20,17.710000,17.850000,16.800000,17.100000,175239341
2022-06-21,17.250000,17.530000,17.110000,17.300000,86643588
2022-06-22,17.150000,17.460000,16.700000,16.760000,93453254
2022-06-23,16.600000,17.330000,16.600000,17.210000,81329940
2022-06-24,17.080000,17.250000,16.880000,17.030000,66765632
2022-06-27,17.120000,17.680000,17.000000,17.620000,82767580
2022-06-28,17.900000,18.300000,17.900000,18.170000,85682861
2022-06-29,18.200000,18.420000,17.490000,17.630000,76410807
2022-06-30,17.450000,17.550000,17.100000,17.450000,65983999
2022-07-01,17.060000,17.260000,16.900000,17.090000,52525889
2022-07-04,17.060000,17.500000,17.060000,17.220000,53049218
2022-07-05,17.500000,17.550000,17.120000,17.360000,56757585
2022-07-06,16.420000,16.550000,15.700000,16.200000,170904139
2022-07-07,15.840000,16.150000,15.610000,16.120000,78738201
2022-07-08,16.510000,16.520000,16.000000,16.030000,53222903
2022-07-11,16.030000,16.280000,15.730000,16.210000,52193357
2022-07-12,16.050000,16.280000,16.000000,16.220000,30076695
2022-07-13,15.700000,16.150000,15.540000,16.150000,59910735
2022-07-14,16.080000,16.250000,15.710000,16.190000,70528535
2022-07-15,15.752722,16.243328,15.635403,15.870041,84544921
2022-07-18,16.051352,16.829922,16.051352,16.829922,81774227
2022-07-19,17.032564,17.107221,16.477966,16.765930,70531274
2022-07-20,16.861918,17.171214,16.776596,16.883249,47856524
2022-07-21,16.819257,16.851253,16.488631,16.520627,40473437
2022-07-22,16.253993,16.477966,16.051352,16.158005,49511032
2022-07-25,16.104678,16.168671,15.838045,15.923368,36218956
2022-07-26,16.158005,16.296655,16.051352,16.264659,39395713
2022-07-27,16.104678,16.232663,15.966029,16.040686,29596759
2022-07-28,16.232663,16.488631,16.211332,16.445970,51909417
2022-07-29,16.339316,16.627281,16.030021,16.104678,44123141
2022-08-01,16.115344,16.552623,16.051352,16.467300,43392183
2022-08-02,16.136675,16.190001,15.678064,16.040686,50145630
2022-08-03,15.934033,16.115344,15.795383,15.859375,30652793
2022-08-04,15.688730,15.688730,15.336773,15.571411,44398452
2022-08-05,15.251451,15.272781,14.942155,15.208789,81916055
2022-08-08,15.091470,15.251451,15.006147,15.240785,40321179
2022-08-09,15.272781,15.464757,15.251451,15.294112,45747221
2022-08-10,15.326108,15.432761,15.016813,15.155462,37602399
2022-08-11,15.240785,15.390100,15.198124,15.347439,35292422
2022-08-12,15.550080,16.349982,15.475423,16.062017,105815079
2022-08-15,15.784718,16.211332,15.635403,15.998025,60731091
2022-08-16,15.667399,15.816714,15.486088,15.635403,48663449
2022-08-17,15.571411,15.784718,15.486088,15.752722,36922534
2022-08-18,15.742057,15.742057,15.336773,15.368769,49851012
2022-08-19,15.571411,16.083348,15.496754,15.827379,98004133
2022-08-22,15.827379,16.190001,15.816714,16.083348,55232788
2022-08-23,16.104678,17.331194,16.072682,17.107221,160690177
2022-08-24,17.181879,17.885792,17.149883,17.437847,138569825
2022-08-25,17.768473,19.176299,17.640489,18.856339,178918087
2022-08-26,18.355067,18.461721,17.789804,17.821800,96676317
2022-08-29,17.544501,18.749685,17.544501,18.376398,90234292
2022-08-30,18.749685,18.973658,17.597828,18.163091,95754701
2022-08-31,17.597828,17.747142,17.256536,17.352524,72720099
2022-09-01,17.235206,17.779138,17.032564,17.064560,62569554
2022-09-02,17.043229,17.341859,16.872584,17.096556,35522054
2022-09-05,17.384521,18.291075,17.341859,18.237748,76514015
2022-09-06,18.323071,18.355067,17.821800,18.131095,53317805
2022-09-07,17.725812,17.917788,17.501839,17.789804,63319365
2022-09-08,17.256536,17.299198,16.989903,17.245871,60539494
2022-09-09,17.213875,17.395186,17.064560,17.352524,33157234
2022-09-13,17.651154,17.704481,17.256536,17.427182,46439199
2022-09-14,17.149883,18.077768,17.149883,17.800469,77276110
2022-09-15,18.109764,18.131095,17.533835,17.843131,59682630
2022-09-16,17.576497,17.725812,17.171214,17.192544,36762197
2022-09-19,17.075225,17.491174,16.915245,17.171214,30708925
2022-09-20,17.331194,17.373855,16.989903,17.224540,30838577
2022-09-21,17.064560,17.768473,16.883249,17.725812,44916737
2022-09-22,17.331194,17.971115,17.181879,17.779138,54083021
2022-09-23,17.693816,18.696359,17.672485,18.131095,77710437
2022-09-26,17.523170,17.533835,16.509962,16.552623,89288489
2022-09-27,16.477966,16.584619,15.827379,16.360647,68715073
2022-09-28,16.317985,16.691273,16.019356,16.158005,39277776
2022-09-29,16.509962,16.755265,16.317985,16.456635,41767446
2022-09-30,16.445970,17.011233,16.317985,16.883249,38697633
2022-10-10,17.811135,17.992445,17.501839,17.629824,64665612
2022-10-11,17.555166,17.949784,17.096556,17.811135,47508418
2022-10-12,17.555166,17.875127,17.427182,17.779138,41229127
2022-10-13,17.768072,17.812354,17.358466,17.646297,36219761
2022-10-14,17.889847,18.111256,17.812354,18.033763,39787203
2022-10-17,17.867706,18.454440,17.646297,18.310524,38573764
2022-10-18,18.266243,18.266243,17.801284,17.834495,35834967
2022-10-19,17.712720,17.867706,17.480241,17.491311,26287253
2022-10-20,17.668438,18.078045,17.590945,17.801284,35444290
2022-10-21,17.491311,17.657368,16.804943,17.624156,97348168
2022-10-24,17.546663,17.768072,17.369536,17.646297,67504913
2022-10-25,17.568804,17.624156,17.004211,17.159198,49277713
2022-10-26,17.137057,17.402747,16.605675,16.804943,78103210
2022-10-27,16.948859,17.159198,16.804943,17.015282,50864580
2022-10-28,17.037423,17.159198,16.827084,16.982070,44693156
2022-10-31,16.827084,16.871366,16.229280,16.273561,56720383
2022-11-01,16.030012,16.993141,16.030012,16.871366,52173018
2022-11-02,16.838154,17.347395,16.760661,17.225620,53357819
2022-11-03,16.993141,17.292043,16.893507,16.993141,37612658
2022-11-04,16.948859,17.524522,16.937788,17.424888,74492672
2022-11-07,17.435959,18.819765,17.435959,18.166608,103465576
2022-11-08,18.288383,18.443370,17.823425,17.989481,52333248
2022-11-09,17.790213,17.967340,17.712720,17.801284,36296371
2022-11-10,17.435959,17.613086,17.203479,17.557734,48278436
2022-11-11,17.845565,18.111256,17.524522,18.044833,61189231
2022-11-14,18.100186,18.354806,17.646297,17.745931,43202292
2022-11-15,17.491311,17.801284,17.280972,17.790213,36380467
2022-11-16,17.812354,18.155538,17.790213,18.022693,47069174
2022-11-17,17.790213,17.867706,17.402747,17.590945,49511695
2022-11-18,17.424888,17.546663,17.280972,17.347395,42636276
2022-11-21,17.059563,17.214550,16.959929,17.137057,33229869
2022-11-22,17.081704,17.712720,17.048493,17.391677,45533651
2022-11-23,17.513452,18.100186,17.491311,17.823425,77033254
2022-11-24,17.579875,17.823425,17.435959,17.668438,53347470
2022-11-25,17.624156,17.945199,17.590945,17.845565,35225256
2022-11-28,17.502381,17.690579,17.358466,17.568804,37782694
2022-11-29,17.624156,18.078045,17.469170,17.989481,59644858
2022-11-30,17.923059,18.310524,17.845565,18.233031,51441055
2022-12-01,18.443370,18.565145,18.055904,18.310524,58992410
2022-12-02,18.233031,18.930470,18.233031,18.554074,58308329
2022-12-05,18.576215,19.174019,18.487651,18.985822,55720262
2022-12-06,18.686920,18.753342,18.332665,18.476581,56241017
2022-12-07,18.155538,18.188749,17.856636,17.967340,52604571
2022-12-08,17.867706,18.022693,17.712720,17.934129,42636381
2022-12-09,17.889847,17.923059,17.779143,17.878777,26801215
2022-12-12,17.878777,17.878777,17.546663,17.579875,37077913
2022-12-13,17.745931,17.823425,17.602016,17.745931,22854382
2022-12-14,17.768072,17.812354,17.579875,17.635227,25053053
2022-12-15,17.779143,17.790213,17.579875,17.602016,21675995
2022-12-16,17.491311,17.602016,17.402747,17.535593,19133221
2022-12-19,17.513452,17.524522,16.804943,16.948859,48054139
2022-12-20,16.937788,17.137057,16.882436,16.982070,21428139
2022-12-21,17.037423,17.059563,16.771732,16.849225,18345060
2022-12-22,16.993141,17.026352,16.705309,16.727450,22793035
2022-12-23,16.683168,16.760661,16.572464,16.672098,16785229
2022-12-26,16.827084,17.103845,16.771732,17.103845,31468086
2022-12-27,17.159198,17.269902,17.026352,17.103845,25777353
2022-12-28,17.103845,17.137057,16.982070,17.015282,16446958
2022-12-29,16.937788,16.937788,16.694239,16.705309,26183798
2022-12-30,16.760661,16.937788,16.749591,16.827084,16988099
2023-01-03,16.838154,17.181338,16.838154,17.137057,26364619
2023-01-04,16.971000,17.015282,16.860295,16.926718,30651293
2023-01-05,16.849225,16.915648,16.738520,16.915648,32714731
2023-01-06,16.871366,16.993141,16.827084,16.959929,22619617
2023-01-09,17.004211,17.159198,16.948859,17.159198,32061853
2023-01-10,17.081704,17.214550,17.015282,17.081704,19849065
2023-01-11,17.048493,17.214550,16.993141,17.148127,20930182
2023-01-12,17.325254,17.491311,17.236691,17.435959,42105126
2023-01-13,17.513452,17.635227,17.402747,17.447029,26337383
2023-01-16,17.413818,17.546663,17.303113,17.435959,29441795
2023-01-17,17.380606,17.380606,17.103845,17.125986,36496352
2023-01-18,17.225620,17.524522,17.225620,17.491311,38770416
2023-01-19,17.336325,17.447029,17.280972,17.391677,25875504
2023-01-20,17.590945,18.089115,17.513452,17.923059,65971728
2023-01-30,18.155538,18.244102,17.745931,17.779143,51359201
2023-01-31,17.668438,17.745931,17.513452,17.590945,35435886
2023-02-01,17.668438,17.745931,17.557734,17.745931,44561756
2023-02-02,17.646297,17.867706,17.546663,17.823425,42330719
2023-02-03,17.668438,17.690579,17.535593,17.590945,34704512
2023-02-06,17.447029,17.613086,17.325254,17.602016,20821678
2023-02-07,17.657368,17.745931,17.568804,17.712720,27338722
2023-02-08,17.856636,17.934129,17.613086,17.668438,34651794
2023-02-09,17.668438,17.812354,17.624156,17.734861,28854703
2023-02-10,17.690579,17.723790,17.513452,17.590945,28513859
2023-02-13,17.635227,17.701650,17.590945,17.668438,25126899
2023-02-14,17.668438,17.812354,17.579875,17.812354,27137782
2023-02-15,17.723790,17.779143,17.624156,17.646297,17953041
2023-02-16,17.635227,17.790213,17.380606,17.513452,35130357
2023-02-17,17.524522,17.590945,17.447029,17.546663,22003646
2023-02-20,17.524522,17.790213,17.447029,17.768072,43377441
2023-02-21,17.779143,17.889847,17.723790,17.768072,47023115
2023-02-22,17.690579,18.022693,17.668438,17.867706,46662501
2023-02-23,17.801284,17.867706,17.745931,17.812354,30873116
2023-02-24,17.867706,17.867706,17.590945,17.690579,20271861
2023-02-27,17.679509,17.745931,17.602016,17.657368,17447993
2023-02-28,17.657368,17.734861,17.602016,17.679509,15529717
2023-03-01,17.701650,17.889847,17.690579,17.867706,39510853
2023-03-02,17.889847,18.609426,17.867706,18.454440,120310858
2023-03-03,18.465511,19.196160,18.321595,19.019033,139571691
2023-03-06,19.174019,19.384358,18.864047,19.041174,74352664
2023-03-07,19.096526,20.945291,19.096526,20.159289,173701597
2023-03-08,19.871458,20.103937,19.672190,20.059655,90169843
2023-03-09,19.893599,20.502473,19.816105,20.148219,69616568
2023-03-10,19.948951,20.092867,19.373287,19.428640,67784842
2023-03-13,19.672190,20.436051,19.583626,20.380698,88407032
2023-03-14,20.159289,20.325346,19.760753,19.827176,65067897
2023-03-15,19.683260,20.048585,19.273653,19.782894,70587858
2023-03-16,19.218301,19.251513,18.598356,18.742272,109731696
2023-03-17,18.841906,19.594697,18.841906,19.340076,83405892
2023-03-20,19.162949,19.550415,18.653708,18.775483,100311992
2023-03-21,18.919399,18.930470,18.343736,18.686920,55504407
2023-03-22,18.819765,18.963681,18.509792,18.631567,54564949
2023-03-23,18.653708,18.985822,18.354806,18.830835,60203373
2023-03-24,18.697990,18.697990,18.399088,18.487651,60297333
2023-03-27,18.487651,18.487651,18.155538,18.233031,54849134
2023-03-28,18.543004,18.697990,18.376947,18.587286,70655962
2023-03-29,18.675849,18.775483,18.487651,18.653708,45390711
2023-03-30,18.487651,19.151878,18.321595,18.985822,100793224
2023-03-31,18.974751,19.041174,18.731201,18.864047,47063464
2023-04-03,19.450781,20.247853,19.450781,19.528274,116931504
2023-04-04,19.805035,20.236783,19.672190,19.993233,82307557
2023-04-06,19.993233,20.004303,19.428640,19.672190,75451248
2023-04-07,19.550415,19.638978,19.185090,19.450781,47731003
2023-04-10,19.483992,20.026444,19.317935,19.926810,80018839
2023-04-11,19.760753,19.771824,19.495062,19.727542,46880619
2023-04-12,19.716471,20.236783,19.705401,20.081796,64378415
2023-04-13,20.258924,21.454532,20.258924,20.845657,137177466
2023-04-14,20.723882,21.277405,20.602107,20.978503,66156734
2023-04-17,20.956362,22.118759,20.834587,21.974843,110398539
2023-04-18,21.731293,21.731293,21.199912,21.388109,61084724
2023-04-19,21.321687,21.598448,20.989573,21.122419,50520204
2023-04-20,20.901010,21.487743,20.568896,21.443462,59963261
2023-04-21,21.166700,22.306957,21.033855,21.343828,90359332
2023-04-24,21.432391,21.609518,20.701742,20.923150,72601732
2023-04-25,21.000644,21.365969,20.701742,21.155630,79821105
2023-04-26,20.901010,20.901010,19.926810,20.513544,82559135
2023-04-27,20.126078,20.491403,20.126078,20.347487,40441111
2023-04-28,20.646389,21.565237,20.613178,21.399180,75354352
2023-05-04,20.624248,21.222053,20.170360,20.945291,80288404
2023-05-05,20.812446,21.078137,20.314276,20.480332,52065194
2023-05-08,20.746023,22.473014,20.746023,22.052336,117274063
2023-05-09,22.240534,22.794057,21.709152,21.841998,82618923
2023-05-10,21.919491,22.019125,20.989573,21.199912,71232415
2023-05-11,21.133489,21.476673,21.044925,21.288475,37115732
2023-05-12,21.100278,21.299546,20.657460,20.878869,53339800
2023-05-15,20.701742,21.111348,20.480332,21.100278,37422893
2023-05-16,21.255264,21.642730,20.956362,20.978503,45955814
2023-05-17,20.812446,20.934221,20.646389,20.834587,27813891
2023-05-18,21.089207,21.255264,20.978503,20.989573,32153434
2023-05-19,20.923150,21.166700,20.734953,21.078137,30725932
2023-05-22,20.945291,21.233123,20.889939,21.210982,22902048
2023-05-23,21.277405,21.532025,20.513544,20.524614,50999827
2023-05-24,20.513544,20.679601,20.258924,20.369628,34096558
2023-05-25,20.347487,20.424980,19.572556,20.037515,44660626
2023-05-26,19.816105,20.126078,19.605767,19.926810,35314349
2023-05-29,20.103937,20.546755,20.026444,20.336417,37514831
2023-05-30,20.336417,20.491403,20.115008,20.303205,25438008
2023-05-31,19.993233,20.004303,19.317935,19.428640,58803155
2023-06-01,19.340076,19.738612,19.251513,19.616837,29187709
2023-06-02,19.816105,20.159289,19.805035,19.860387,28985817
2023-06-05,20.137149,20.203571,19.893599,20.015374,29309498
2023-06-06,19.926810,20.148219,19.816105,19.904669,22992381
2023-06-07,19.860387,20.037515,19.760753,20.026444,24055834
2023-06-08,20.081796,20.424980,20.070726,20.402839,32567966
2023-06-09,20.314276,20.734953,20.292135,20.668530,27399203
2023-06-12,20.624248,20.790305,20.513544,20.568896,28808868
2023-06-13,20.336417,20.369628,19.572556,19.948951,61540956
2023-06-14,20.103937,20.269994,20.026444,20.203571,27372303
2023-06-15,20.070726,20.181430,19.926810,20.159289,25800411
2023-06-16,20.458192,20.535685,20.325346,20.480332,28256737
2023-06-19,20.480332,20.491403,20.236783,20.314276,24093271
2023-06-20,20.236783,20.269994,19.827176,19.871458,34602708
2023-06-21,19.827176,20.126078,19.749683,19.749683,31128939
2023-06-26,19.694331,19.904669,19.594697,19.727542,21095175
2023-06-27,19.827176,20.137149,19.583626,20.026444,32032093
2023-06-28,19.926810,20.203571,19.827176,20.170360,22589264
2023-06-29,20.436051,20.436051,19.926810,19.948951,14822411
2023-06-30,19.982162,20.070726,19.926810,20.059655,12947946
2023-07-03,20.070726,20.668530,20.059655,20.613178,33832364
2023-07-04,20.535685,21.100278,20.480332,21.089207,38796351
2023-07-05,21.199912,21.310616,20.878869,21.100278,23696010
2023-07-06,21.111348,21.255264,20.901010,21.100278,15142437
2023-07-07,21.100278,21.255264,20.934221,21.144559,16083477
2023-07-10,21.222053,21.365969,20.889939,21.033855,16960509
2023-07-11,21.044925,21.078137,20.823516,20.934221,17659112
2023-07-12,21.022785,21.465603,21.022785,21.332757,35684924
2023-07-13,21.576307,21.919491,21.377039,21.864139,39610610
2023-07-14,22.070510,22.208092,21.829741,21.864136,26466635
2023-07-17,21.646298,21.852671,21.554576,21.841206,16767572
2023-07-18,21.783880,21.829741,21.600437,21.623367,11919975
2023-07-19,21.760950,22.173697,21.692158,21.990254,16528169
2023-07-20,21.990254,22.104906,21.520180,21.600437,21682405
2023-07-21,21.623367,21.692158,21.394063,21.416994,16492513
2023-07-24,21.554576,21.588972,21.050107,21.199155,18779632
2023-07-25,21.566041,21.909997,21.566041,21.760950,29109017
2023-07-26,21.760950,21.887067,21.405528,21.508715,19437296
2023-07-27,21.520180,21.887067,21.508715,21.588972,19582375
2023-07-28,21.508715,21.680693,21.325272,21.657763,33964725
2023-07-31,21.680693,21.909997,21.371133,21.531646,35879293
2023-08-01,21.611902,21.887067,21.554576,21.829741,44340079
2023-08-02,21.875602,21.921462,21.497250,21.600437,34063690
2023-08-03,21.451389,21.451389,21.153294,21.245016,31704607
2023-08-04,21.382598,21.623367,21.325272,21.359668,33010323
2023-08-07,21.382598,21.543111,21.313807,21.497250,19876697
2023-08-08,21.474320,21.634832,21.394063,21.497250,14509564
2023-08-09,21.566041,21.577506,21.290876,21.371133,15521047
2023-08-10,21.508715,21.818276,21.508715,21.795345,54052051
2023-08-11,21.669228,21.795345,21.325272,21.394063,36614349
2023-08-14,21.336737,21.497250,21.210620,21.394063,23513931
2023-08-15,21.336737,21.439924,21.210620,21.394063,17866293
2023-08-16,21.267946,21.302342,20.912525,20.935455,25814602
2023-08-17,20.740547,21.141829,20.637360,21.141829,17792309
2023-08-18,21.130364,21.405528,21.027177,21.164759,21394711
2023-08-21,21.130364,21.267946,20.992781,21.164759,16582086
2023-08-22,21.073038,21.623367,21.061572,21.566041,37642809
2023-08-23,21.554576,21.795345,21.474320,21.485785,23774613
2023-08-24,21.485785,21.646298,21.336737,21.462854,18498266
2023-08-25,21.371133,21.577506,21.371133,21.485785,15345300
2023-08-28,22.231023,22.299814,21.623367,21.749484,35920559
2023-08-29,21.749484,21.875602,21.703624,21.749484,16968930
2023-08-30,21.760950,21.806810,21.715089,21.795345,15982772
2023-08-31,21.898532,21.898532,21.715089,21.783880,10674033
2023-09-01,21.841206,22.001719,21.841206,21.955858,25746752
2023-09-04,22.104906,22.322744,22.093440,22.311279,48102679
2023-09-05,22.242488,22.517653,22.173697,22.357140,40743766
2023-09-06,22.586444,22.896004,22.242488,22.517653,31535647
2023-09-07,22.632305,22.976261,22.563514,22.609374,57666690
2023-09-08,22.448862,22.448862,21.990254,22.208092,35522423
2023-09-11,22.231023,22.494722,22.162232,22.357140,32817196
2023-09-12,22.265418,22.540583,22.162232,22.196627,27391548
2023-09-13,22.403001,22.529118,22.299814,22.483257,27769513
2023-09-14,22.460327,23.274356,22.391536,23.194100,62917872
2023-09-15,23.503660,24.191572,23.148239,23.297286,56633409
2023-09-18,23.331682,23.423404,22.907470,23.308752,37586723
2023-09-19,23.343147,23.664173,23.285821,23.400473,30764200
2023-09-20,23.297286,23.687103,23.194100,23.629777,33647107
2023-09-21,23.503660,23.870546,23.446334,23.778825,32253331
2023-09-22,23.778825,23.824686,23.182634,23.698568,45420926
2023-09-25,23.664173,23.813220,23.423404,23.434869,38559526
2023-09-26,23.503660,23.732964,23.389008,23.480730,33749137
2023-09-27,23.549521,23.870546,23.434869,23.847616,38882040
2023-09-28,24.283294,24.455272,23.985198,24.237433,33669658
2023-10-09,23.492195,24.168642,22.907470,24.053990,72563556
2023-10-10,23.847616,24.008129,23.125308,23.159704,45495576
2023-10-11,23.171169,23.503660,23.010656,23.262891,43478954
2023-10-12,23.159704,23.446334,23.033587,23.366078,36836677
2023-10-13,23.354612,23.824686,23.274356,23.767360,32457012
2023-10-16,24.191572,24.248898,23.641242,23.927872,41858124
2023-10-17,23.732964,24.248898,23.732964,24.225968,33347945
2023-10-18,24.437754,24.437754,24.037713,24.096543,25834842
2023-10-19,24.120075,24.190670,23.672971,23.731800,19259675
2023-10-20,23.825927,23.872991,23.625907,23.661205,16262174
2023-10-23,23.567078,24.367158,23.508248,23.896523,41486835
2023-10-24,23.920054,24.061245,23.590609,23.767098,33762800
2023-10-25,23.708268,23.743566,22.837592,23.096442,55263329
2023-10-26,23.037613,23.602375,22.967017,23.602375,27992994
2023-10-27,23.449419,23.755332,23.296462,23.414121,26640074
2023-10-30,23.425887,23.484716,22.849358,22.967017,33725996
2023-10-31,22.849358,23.096442,22.696402,22.943486,19263949
2023-11-01,22.802295,23.108208,22.708168,23.096442,19561929
2023-11-02,23.096442,23.296462,23.014081,23.108208,17474088
2023-11-03,23.214101,23.261165,22.896422,22.967017,23613549
2023-11-06,22.861124,22.861124,21.849258,22.119873,77039167
2023-11-07,21.966917,22.461084,21.884555,22.390489,40813075
2023-11-08,22.037512,22.308127,21.802194,22.284596,37441918
2023-11-09,22.108107,22.402255,21.978683,22.331659,26853378
2023-11-10,22.284596,22.449318,22.214000,22.402255,17876668
2023-11-13,22.461084,22.661104,22.143405,22.649338,30781689
2023-11-14,22.684636,22.802295,22.249298,22.366957,27521799
2023-11-15,22.390489,22.637572,22.331659,22.614041,22280834
2023-11-16,22.508148,22.861124,22.496382,22.778763,22699304
2023-11-17,22.590509,22.590509,22.261064,22.496382,27398987
2023-11-20,22.625806,22.861124,22.331659,22.402255,31562776
2023-11-21,22.496382,22.543445,22.331659,22.343425,24145356
2023-11-22,22.308127,22.602275,22.249298,22.425786,24046849
2023-11-23,22.355191,22.637572,22.343425,22.625806,22837070
2023-11-24,22.578743,22.884656,22.578743,22.825827,25165847
2023-11-27,22.814061,22.849358,22.449318,22.566977,28718764
2023-11-28,22.578743,22.708168,22.531679,22.625806,20046139
2023-11-29,22.684636,22.943486,22.649338,22.896422,24656320
2023-11-30,22.943486,23.414121,22.943486,23.390589,30354996
2023-12-01,23.178803,23.567078,23.178803,23.484716,25217759
2023-12-04,23.437653,23.708268,23.308228,23.355292,24864116
2023-12-05,23.308228,23.390589,23.084676,23.096442,20377868
2023-12-06,23.061144,23.061144,22.684636,22.908188,27980521
2023-12-07,22.661104,22.908188,22.355191,22.825827,34877873
2023-12-08,22.837592,23.614141,22.825827,23.614141,44832511
2023-12-11,23.461185,23.484716,22.884656,23.143506,40927142
2023-12-12,23.072910,23.367058,22.943486,23.343526,22653928
2023-12-13,23.072910,23.272930,22.802295,22.814061,36136473
2023-12-14,22.884656,23.108208,22.802295,23.014081,17982477
2023-12-15,23.119974,23.308228,22.766997,22.766997,20297723
2023-12-18,22.731699,23.061144,22.649338,23.002315,18435140
2023-12-19,23.061144,23.249399,22.990549,23.190569,19103262
2023-12-20,23.296462,23.531780,23.272930,23.343526,26187538
2023-12-21,23.296462,23.402355,23.119974,23.202335,21723400
2023-12-22,23.178803,23.543546,23.143506,23.449419,29461169
2023-12-25,23.484716,23.531780,23.272930,23.531780,26668877
2023-12-26,23.461185,23.814161,23.461185,23.567078,40938072
2023-12-27,23.649439,24.343626,23.578844,24.261265,47415276
2023-12-28,24.178904,24.531881,23.967118,24.308329,42417181
2023-12-29,24.120075,24.802496,24.073011,24.673071,42887060
2024-01-02,24.673071,25.296664,24.496583,24.614242,33543371
2024-01-03,24.508349,25.037814,24.496583,24.814262,31851875
2024-01-04,25.014282,25.355493,24.802496,25.096643,34589451
2024-01-05,25.202536,25.414322,24.778964,24.920155,27483723
2024-01-08,24.943687,24.978984,24.590710,24.908389,23977349
2024-01-09,24.590710,24.884857,24.308329,24.826028,29633910
2024-01-10,24.826028,25.084877,24.343626,24.402456,29979408
2024-01-11,24.331861,24.473051,24.037713,24.167138,26408847
2024-01-12,24.284797,24.531881,24.155372,24.249499,23019850
2024-01-15,24.249499,24.661305,24.249499,24.602476,26566708
2024-01-16,24.602476,24.696603,24.237733,24.543647,24503477
2024-01-17,24.461285,24.673071,24.296563,24.308329,24737324
2024-01-18,24.237733,24.449519,23.390589,24.296563,41577004
2024-01-19,24.178904,24.414222,24.014181,24.120075,26463437
2024-01-22,24.096543,24.343626,23.861225,24.073011,32294796
2024-01-23,24.084777,24.237733,23.790630,24.167138,24310908
2024-01-24,24.202436,24.884857,24.167138,24.849560,32835127
2024-01-25,25.084877,26.449721,24.861326,26.261466,65260645
2024-01-26,26.473253,27.296865,26.237935,26.920356,70900300
2024-01-29,26.920356,27.638076,26.720336,26.873293,58474699
2024-01-30,26.590911,27.285099,26.590911,26.932122,35340540
2024-01-31,26.814463,27.238035,26.708570,26.990952,29655990
2024-02-01,26.767400,26.979186,26.061446,26.096744,51197631
2024-02-02,25.979085,26.496784,25.790831,26.320296,43023698
2024-02-05,26.202637,27.343928,26.120276,27.108611,57766746
2024-02-06,27.108611,27.508651,26.708570,26.908590,45040042
2024-02-07,26.779166,27.073313,26.332062,27.073313,54768707
2024-02-08,26.920356,27.049781,26.473253,26.885059,36641302
2024-02-19,26.920356,29.085280,26.885059,28.955855,59279425
2024-02-20,28.708772,29.497086,28.544049,28.802899,47794795
2024-02-21,28.802899,29.732404,28.802899,28.897026,51373343
2024-02-22,28.944089,30.308933,28.849962,29.767702,65174725
2024-02-23,30.050083,30.179508,29.297066,29.402959,47501801
2024-02-26,29.297066,29.732404,29.061748,29.438257,50943914
2024-02-27,29.414725,30.579548,29.332364,30.320699,62978611
2024-02-28,30.332464,30.532485,29.344130,29.602979,59481226
2024-02-29,29.591213,29.767702,29.438257,29.732404,31736775
2024-03-01,29.520618,29.826531,29.450023,29.567682,25007644
2024-03-04,29.767702,31.756137,29.720638,31.732605,64306770
2024-03-05,31.414926,31.885562,31.356097,31.838498,43488704
2024-03-06,31.909094,32.944492,31.791435,31.885562,59750734
2024-03-07,31.885562,33.532787,31.720839,33.026853,58780565
2024-03-08,33.415128,36.333068,32.791535,35.980092,73843966
2024-03-11,35.650647,35.674178,33.532787,34.285803,102994898
2024-03-12,33.921061,33.968124,32.132646,32.320900,111616231
2024-03-13,31.838498,33.003321,31.567883,32.791535,78343220
2024-03-14,32.920960,34.074017,32.756238,33.638680,79875678
2024-03-15,33.826934,34.356399,32.203241,33.003321,61152620
2024-03-18,32.473856,33.191576,32.238539,33.120980,52156623
2024-03-19,33.544552,34.074017,33.297469,33.438659,54790235
2024-03-20,33.415128,34.121081,33.015087,33.768104,65853175
2024-03-21,33.721041,34.074017,33.238639,33.391596,56426418
2024-03-22,32.473856,32.791535,31.791435,32.132646,71979502
2024-03-25,32.003221,33.285703,32.003221,33.085683,63521090
2024-03-26,33.473957,33.662211,32.591515,33.003321,47391371
2024-03-27,32.791535,32.944492,32.591515,32.768004,28513521
2024-03-28,32.709174,33.191576,32.356198,33.120980,39906218
2024-03-29,33.415128,34.474058,33.415128,34.391696,75343233
2024-04-01,34.450526,34.685844,33.885763,34.097549,45376700
2024-04-02,34.379931,35.262372,34.379931,35.062352,62821824
2024-04-03,35.532988,35.850667,35.074118,35.203543,52454890
2024-04-08,34.556419,35.768306,34.462292,35.003523,52193183
2024-04-09,35.074118,35.191777,33.897529,34.250506,41788486
2024-04-10,33.885763,34.685844,33.862231,34.426994,37119854
2024-04-11,34.250506,35.015289,34.250506,34.556419,39839085
2024-04-12,34.415228,34.568185,34.003422,34.356399,38116970
2024-04-15,34.215208,35.215309,34.179910,35.121182,56295665
2024-04-16,35.074118,35.768306,34.909396,35.144713,57406487
2024-04-17,34.979991,35.027055,34.368165,35.003523,47190359
2024-04-18,34.591717,34.991757,34.238740,34.297569,50969840
2024-04-19,34.732907,36.591918,34.732907,35.650647,104688880
2024-04-22,35.168245,35.603583,33.873997,33.991656,104764858
2024-04-23,33.885763,33.991656,32.897428,33.368064,49678027
2024-04-24,33.650445,33.885763,33.344532,33.744573,30081028
2024-04-25,33.615148,33.944593,33.544552,33.944593,21857153
2024-04-26,34.921162,35.509456,34.885864,35.262372,85536010
2024-04-29,35.050586,35.062352,34.262272,34.450526,60590745
2024-04-30,34.238740,35.368265,34.179910,35.203543,61371854
2024-05-06,34.403462,34.403462,34.003422,34.379931,66904986
2024-05-07,34.379931,34.591717,34.274038,34.415228,32289663
2024-05-08,34.321101,34.509355,34.121081,34.191676,34746854
2024-05-09,34.368165,34.450526,33.979890,34.062252,37126108
2024-05-10,34.179910,34.344633,33.968124,34.285803,39992339
2024-05-13,34.003422,34.332867,33.956359,34.026954,33081126
2024-05-14,34.085783,34.179910,33.850466,33.885763,33529176
2024-05-15,33.768104,33.885763,33.250405,33.309235,36395580
2024-05-16,33.332766,33.791636,33.156278,33.250405,32549934
2024-05-17,33.368064,33.379830,32.532686,33.179810,38206073
2024-05-20,33.238639,34.262272,33.215107,34.156379,59838660
2024-05-21,33.956359,34.109315,33.732807,33.732807,29500693
2024-05-22,33.650445,33.732807,33.415128,33.485723,29204150
2024-05-23,33.273937,33.391596,33.156278,33.203342,27405014
2024-05-24,33.262171,33.521021,33.085683,33.344532,22263312
2024-05-27,33.485723,34.297569,33.485723,34.203442,54428100
2024-05-28,34.379931,35.262372,34.379931,34.650546,66169295
2024-05-29,34.897630,35.921262,34.709376,35.815369,81149747
2024-05-30,35.462392,35.744774,34.744673,34.850566,42114335
2024-05-31,34.591717,34.979991,34.591717,34.827034,30960386
2024-06-03,34.709376,36.074219,34.697610,35.297670,63474012
2024-06-04,34.309335,35.497690,34.121081,35.262372,55173514
2024-06-05,35.191777,35.650647,34.238740,34.297569,65981870
2024-06-06,34.474058,35.238841,34.344633,35.038820,54090431
2024-06-07,35.450627,35.685944,35.215309,35.521222,37636394
2024-06-11,35.980092,36.450727,34.862332,35.450627,54208628
2024-06-12,35.109416,37.097851,35.109416,36.968426,75127338
2024-06-13,36.933129,38.097952,36.368366,36.791938,68582968
2024-06-14,36.921363,36.991958,35.944794,36.133048,48240962
2024-06-17,36.015389,36.321302,35.674178,35.756540,30195500
2024-06-18,36.062453,36.144814,35.462392,35.885965,28151600
2024-06-19,36.062453,37.097851,36.062453,37.074319,56948158
2024-06-20,37.180212,37.862634,37.003724,37.697912,50565180
2024-06-21,37.697912,38.121484,37.215510,37.650848,49682542
2024-06-24,37.650848,38.803905,37.639082,38.203845,54995806
2024-06-25,38.533290,38.686246,37.497891,37.956761,43888413
2024-06-26,37.839102,37.944995,37.239042,37.627316,33091432
2024-06-27,37.603784,37.886166,37.274340,37.744975,34448571
2024-06-28,37.980293,38.827437,37.862634,38.827437,51558084
2024-07-01,38.721544,40.427598,38.615651,40.051090,58100068
2024-07-02,40.286407,41.592421,40.180514,41.345337,53379414
2024-07-03,41.380635,41.910100,40.309939,40.968829,51348865
2024-07-04,41.027658,41.345337,40.839404,41.274742,35612004
2024-07-05,41.392401,41.462996,39.709879,40.333471,56124033
2024-07-08,39.980494,41.051190,39.862835,40.910000,40792208
2024-07-09,40.615852,40.827638,40.015792,40.698214,38830144
2024-07-10,40.486427,40.709979,39.851069,39.874601,39993228
2024-07-11,40.004026,40.262876,39.333370,39.768708,46830661
2024-07-12,40.044192,40.726968,39.565052,39.840558,44034389
2024-07-15,39.529116,40.559269,39.265589,40.559269,37474163
2024-07-16,40.691032,40.918624,40.367612,40.619161,35210737
2024-07-17,40.487398,40.487398,38.403135,38.630727,79422022
2024-07-18,38.870297,39.505159,38.630727,39.505159,42918465
2024-07-19,39.133825,39.145803,37.828166,37.971908,62510405
2024-07-22,37.253197,37.528703,35.947539,36.833949,75718239
2024-07-23,36.582400,36.965713,36.199087,36.342830,39732242
2024-07-24,36.055345,36.774056,35.636097,36.426679,50137546
2024-07-25,36.450636,36.534486,34.665837,34.665837,72408932
2024-07-26,34.546052,35.276741,34.330438,34.653858,47982117
2024-07-29,34.438245,35.564226,34.174718,35.468398,49042981
2024-07-30,34.977278,35.073107,33.300286,33.623706,78667487
2024-07-31,33.384135,34.857493,33.300286,34.522095,58510857
2024-08-01,35.097064,35.899624,34.965300,35.204870,50480721
2024-08-02,34.629901,34.845515,33.863276,34.066911,44038714
2024-08-05,32.976866,33.156543,31.826928,32.186283,82191155
2024-08-06,32.521682,33.024780,31.934734,32.294090,43642534
2024-08-07,31.922756,33.276329,31.623293,32.928951,48421957
2024-08-08,33.300286,33.695577,32.857080,33.000823,38600432
2024-08-09,33.192479,34.102846,33.192479,33.863276,45190953
2024-08-12,33.899212,34.042954,33.503920,33.731512,26615311
2024-08-13,34.210653,34.438245,33.827340,34.090868,35653764
2024-08-14,33.839319,34.174718,33.659641,34.054932,22464504
2024-08-15,33.815362,34.306481,33.683598,34.198675,25144300
2024-08-16,34.342417,35.001235,34.306481,34.809579,34271596
2024-08-19,34.558030,34.977278,34.534073,34.737708,26002922
2024-08-20,34.558030,34.725729,33.444028,33.851298,38607024
2024-08-21,33.719534,33.935147,33.228414,33.683598,27422770
2024-08-22,33.312264,33.456006,33.072694,33.396114,24159911
2024-08-23,33.599749,33.887233,33.300286,33.456006,23111102
2024-08-26,34.007018,34.258567,33.923169,34.222632,32954329
2024-08-27,34.546052,35.264763,34.438245,35.204870,51520480
2024-08-28,34.941343,35.516312,34.905407,35.456419,41027271
2024-08-29,35.456419,35.516312,34.330438,34.737708,45487095
2024-08-30,34.797601,35.240806,34.605944,35.168935,38148137
2024-09-02,34.510116,34.845515,33.995040,34.617923,33476791
2024-09-03,34.725729,34.905407,33.671620,33.911190,40718023
2024-09-04,32.461789,32.545639,32.018584,32.042541,55810369
2024-09-05,32.042541,32.258154,31.695164,31.862863,31672976
2024-09-06,31.802971,32.174305,31.767035,31.814949,23007140
2024-09-09,31.144152,31.287894,30.377527,30.665011,47595165
2024-09-10,30.760839,31.012388,30.545226,30.928539,30379301
2024-09-11,29.958279,30.305656,29.083847,30.305656,67077295
2024-09-12,30.125978,30.712925,29.874429,30.533247,40136805
2024-09-13,30.844689,31.707142,30.844689,31.359765,47246926
2024-09-18,31.731099,31.838906,31.347787,31.515486,27005504
2024-09-19,31.503508,31.982648,31.072281,31.970670,39236097
2024-09-20,32.162326,32.581574,31.719121,32.066498,37939193
2024-09-23,32.006605,32.641467,31.994627,32.437832,27293067
2024-09-24,32.581574,33.575792,32.401897,33.491942,41587515
2024-09-25,34.018997,34.713751,33.791405,33.983061,57227521
2024-09-26,33.611727,33.911190,32.821145,33.264350,90648735
2024-09-27,32.821145,33.360178,32.665424,33.264350,58844165
2024-09-30,33.995040,36.342830,33.995040,35.995453,130366922
2024-10-08,39.600987,39.600987,35.935560,37.696402,132423506
2024-10-09,36.354808,36.354808,34.330438,34.581987,89780239
2024-10-10,34.450224,36.989670,34.438245,35.923581,86758329
2024-10-11,36.522507,36.714164,35.731925,36.019410,73057151
2024-10-14,36.055345,36.630314,35.827753,36.139195,47158769
2024-10-15,35.216849,35.384548,34.689794,34.701772,61428337
2024-10-16,34.330438,35.049150,34.042954,34.833536,39443793
2024-10-17,34.857493,35.312677,34.462202,34.653858,44915450
2024-10-18,34.813349,35.144554,34.359475,34.886950,47850179
2024-10-21,34.641613,35.009618,34.359475,34.715214,46402009
2024-10-22,34.825616,35.009618,34.408542,34.568011,37509388
2024-10-23,34.776548,34.899217,34.482143,34.690680,36694779
2024-10-24,34.617079,34.788815,34.469877,34.666146,26964327
2024-10-25,34.482143,34.568011,34.138671,34.200006,40909989
2024-10-28,33.660264,33.660264,33.255457,33.598930,63516865
2024-10-29,33.500795,33.807466,33.206390,33.255457,38951536
2024-10-30,33.292258,33.292258,32.310909,32.531713,59051357
2024-10-31,32.642114,32.850651,32.261842,32.396777,35560010
2024-11-01,32.740249,33.390393,32.531713,33.181856,64279661
2024-11-04,33.267724,33.353592,32.347710,32.789317,60008648
2024-11-05,32.875185,33.451727,32.789317,33.341325,58143938
2024-11-06,33.181856,33.488528,32.764783,32.948786,59206279
2024-11-07,33.083721,33.206390,32.372244,33.181856,64558724
2024-11-08,33.194123,33.365859,32.654381,32.752516,60434036
2024-11-11,32.384510,32.409044,31.869302,32.396777,61326990
2024-11-12,31.967437,32.568513,31.881569,32.016505,60297426
2024-11-13,32.016505,32.850651,31.832502,32.445845,64508846
2024-11-14,32.261842,32.777050,32.041038,32.077839,49935413
2024-11-15,32.126906,32.126906,31.329560,31.476763,77767956
2024-11-18,31.611698,32.323176,31.206892,31.955170,64613793
2024-11-19,32.261842,32.470378,32.041038,32.384510,50953633
2024-11-20,32.274109,32.556246,32.126906,32.543980,37525085
2024-11-21,32.556246,32.764783,32.359977,32.445845,30223706
2024-11-22,32.556246,32.948786,32.065572,32.151440,51898528
2024-11-25,32.310909,32.899719,32.163707,32.507179,52903006
2024-11-26,31.893836,32.126906,31.587165,32.041038,33871375
2024-11-27,31.893836,32.200508,31.844769,32.126906,26065436
2024-11-28,32.041038,32.212774,31.893836,31.918370,25417803
2024-11-29,31.918370,32.237308,31.918370,32.114639,27117118
2024-12-02,32.237308,32.237308,31.930637,32.237308,34136611
2024-12-03,32.139173,33.108255,32.114639,32.997853,58125204
2024-12-04,33.108255,33.844267,33.046921,33.721598,68212217
2024-12-05,33.427194,33.525328,33.132789,33.169589,41112724
2024-12-06,33.316792,33.427194,33.071455,33.120522,38823385
2024-12-09,32.997853,33.611196,32.764783,33.414927,45304283
2024-12-10,33.733865,33.832000,33.120522,33.157323,45039227
2024-12-11,33.132789,33.427194,33.071455,33.402660,29989915
2024-12-12,33.513062,33.672531,33.402660,33.562129,26600615
2024-12-13,33.414927,33.549862,33.132789,33.157323,27257650
2024-12-16,33.157323,34.089604,33.157323,33.979202,62872740
2024-12-17,33.930135,34.543478,33.917868,33.991469,43177555
2024-12-18,34.065070,34.334941,33.954668,34.003736,34416762
2024-12-19,33.758399,34.273607,33.611196,33.807466,33741318
2024-12-20,33.721598,33.905601,33.537595,33.611196,24610490
2024-12-23,33.844267,34.960551,33.844267,34.899217,81851541
2024-12-24,34.825616,35.537093,34.469877,35.267223,64850040
2024-12-25,35.426692,36.187237,35.414425,35.622961,55074113
2024-12-26,35.512560,35.549360,35.046419,35.365357,40561056
2024-12-27,35.377624,35.598428,35.218155,35.426692,29275999
2024-12-30,35.488026,36.248571,35.438959,36.187237,56028291
2024-12-31,36.273105,36.567510,36.064568,36.199504,48944906
2025-01-02,36.260838,36.457108,35.144554,35.426692,49299922
2025-01-03,35.696563,36.334439,35.622961,35.684296,46648018
2025-01-06,36.089102,36.174970,34.960551,35.144554,43023376
2025-01-07,34.788815,35.254956,34.653880,35.254956,29325889
2025-01-08,35.463492,36.064568,35.230422,35.708829,43352326
2025-01-09,35.328557,35.402158,34.874683,35.058686,28962916
2025-01-10,35.193621,35.230422,34.457610,34.653880,26851457
2025-01-13,35.426692,36.113636,35.107753,35.365357,52131697
2025-01-14,35.365357,35.512560,35.083220,35.463492,39181155
2025-01-15,35.205888,35.733363,35.009618,35.230422,29733152
2025-01-16,35.672029,36.187237,35.537093,36.125903,58921112
2025-01-17,35.917366,36.260838,35.659762,35.721096,31896516
2025-01-20,35.721096,35.856032,34.617079,34.850149,57386280
2025-01-21,34.629346,34.690680,33.868800,34.028270,47130359
2025-01-22,33.733865,34.077337,33.623463,33.856534,30210990
2025-01-23,33.979202,34.384009,33.684798,33.856534,40560861
2025-01-24,33.647997,33.672531,33.010120,33.390393,50103298
2025-01-27,33.157323,33.844267,33.095988,33.746132,35004161
2025-02-05,33.488528,33.562129,32.973320,33.169589,37010300
2025-02-06,33.022387,33.230924,32.961053,33.218657,26754799
2025-02-07,33.095988,33.267724,32.887452,33.132789,40404720
2025-02-10,33.181856,33.353592,33.034654,33.181856,34796418
2025-02-11,33.304525,33.770666,33.304525,33.733865,49511355
2025-02-12,33.795199,33.807466,33.255457,33.427194,39801996
2025-02-13,33.034654,33.243191,32.887452,33.120522,36946542
2025-02-14,33.169589,33.181856,32.985587,33.010120,26506159
2025-02-17,32.936519,32.948786,32.507179,32.568513,48241885
2025-02-18,32.629848,33.046921,32.543980,32.715716,50551169
2025-02-19,32.715716,32.801584,32.384510,32.458112,37752526
2025-02-20,32.458112,32.629848,32.335443,32.519446,31139844
2025-02-21,32.629848,32.642114,32.200508,32.347710,43653319
2025-02-24,31.893836,32.028771,31.403162,31.513563,83272646
2025-02-25,31.513563,31.525830,31.305027,31.378628,34920989
2025-02-26,30.949288,31.243692,30.912487,31.219159,42809327
2025-02-27,31.157824,31.709833,30.912487,31.574898,56673494
2025-02-28,31.636232,32.077839,31.550364,31.709833,49855818
2025-03-03,31.832502,31.893836,31.280493,31.341827,36840300
2025-03-04,30.912487,30.912487,30.372745,30.421813,69769702
2025-03-05,30.164209,30.421813,30.151942,30.299144,37152130
2025-03-06,30.053807,30.483147,29.808470,30.483147,52490740
2025-03-07,30.360478,30.728484,30.274610,30.544481,43354820
2025-03-10,30.519948,30.838886,30.470880,30.691684,32769839
2025-03-11,30.372745,30.887953,30.323678,30.863420,29873066
2025-03-12,30.887953,31.108757,30.753018,31.022889,28568892
2025-03-13,31.157824,31.709833,31.084223,31.452229,54484566
2025-03-14,31.305027,31.550364,31.305027,31.452229,33193905
2025-03-17,31.783434,31.930637,31.538097,31.550364,38348585
2025-03-18,31.562631,31.599431,31.305027,31.476763,23659051
2025-03-19,31.255959,31.611698,31.206892,31.562631,25943596
2025-03-20,31.476763,32.004238,31.476763,31.918370,39494626
2025-03-21,32.077839,32.543980,31.906103,31.991971,58548335
2025-03-24,32.016505,32.409044,31.906103,32.384510,43423436
2025-03-25,32.384510,32.568513,32.212774,32.543980,32439490
2025-03-26,32.568513,32.678915,32.200508,32.249575,34495912
2025-03-27,32.384510,32.543980,32.175974,32.384510,32887762
2025-03-28,31.893836,31.967437,31.538097,31.636232,44921951
2025-03-31,31.636232,32.016505,31.415428,31.857035,38166054
2025-04-01,32.225041,32.617581,32.212774,32.531713,54347389
2025-04-02,32.617581,32.666648,31.746634,31.844769,52725997
2025-04-03,31.280493,31.562631,31.219159,31.501296,37238497
2025-04-07,28.348713,29.256461,28.348713,28.495916,105193284
2025-04-08,28.778054,29.869804,28.630851,29.857537,67251554
2025-04-09,29.146059,29.771669,28.888455,29.771669,60247060
2025-04-10,30.421813,30.421813,29.857537,29.980206,40130703
2025-04-11,29.967939,29.967939,29.636734,29.734869,29839390
2025-04-14,29.808470,30.434080,29.759402,30.299144,35322156
2025-04-15,30.299144,30.397279,30.115141,30.372745,22051290
2025-04-16,30.360478,30.360478,30.078341,30.348212,29197147
2025-04-17,30.532215,30.605816,30.286877,30.446347,22338809
2025-04-18,30.495414,30.998355,30.495414,30.851153,34449875
2025-04-21,30.618083,30.777552,30.519948,30.569015,27846021
2025-04-22,30.507681,30.814352,30.446347,30.630349,18160754
2025-04-23,30.789819,30.961555,30.667150,30.838886,26124875
2025-04-24,30.642616,30.887953,30.556748,30.777552,23599682
2025-04-25,30.814352,31.022889,30.753018,31.022889,23058904
2025-04-28,30.998355,31.832502,30.912487,31.562631,35052571
2025-04-29,31.403162,31.599431,30.777552,30.802085,33109779
2025-04-30,30.728484,30.937021,30.581282,30.691684,32293219
2025-05-06,30.470880,30.630349,30.102874,30.544481,41458954
2025-05-07,30.973821,31.071956,30.569015,30.691684,36292312
2025-05-08,30.630349,30.753018,30.544481,30.654883,24935400
2025-05-09,30.863420,30.973821,30.605816,30.642616,30890653
2025-05-12,30.789819,30.838886,30.556748,30.814352,34189394
2025-05-13,30.912487,31.133291,30.826619,30.863420,42214507
2025-05-14,30.949288,31.697566,30.937021,31.550364,59884113
2025-05-15,31.354094,31.587165,31.047423,31.071956,35782956
2025-05-16,31.035156,31.219159,30.765285,30.777552,26757600
2025-05-19,30.802085,30.887953,30.679417,30.777552,17145651
2025-05-20,30.802085,30.973821,30.802085,30.949288,17886486
2025-05-21,31.059690,31.587165,31.059690,31.501296,46941074
2025-05-22,31.292760,31.648499,31.292760,31.464496,28796437
2025-05-23,31.427695,32.016505,31.427695,31.464496,35336925
2025-05-26,31.489030,31.746634,31.305027,31.464496,22065150
2025-05-27,31.415428,31.722100,31.329560,31.341827,18702459
2025-05-28,31.390895,31.636232,31.206892,31.501296,22385193
2025-05-29,31.623965,31.807968,31.476763,31.538097,21229800
2025-05-30,31.415428,31.709833,31.354094,31.636232,24609242
2025-06-03,31.857035,31.918370,31.648499,31.795701,21185798
2025-06-04,31.857035,31.967437,31.746634,31.783434,20070968
2025-06-05,31.709833,31.857035,31.697566,31.832502,13604500
2025-06-06,31.844769,32.188241,31.771167,32.114639,25963172
2025-06-09,32.200508,32.507179,32.200508,32.494912,30113094
2025-06-10,32.580780,32.629848,32.261842,32.494912,36683980
2025-06-11,32.507179,32.666648,32.433578,32.642114,22819497
2025-06-12,33.108255,33.230924,32.642114,32.936519,41170547
2025-06-13,33.844267,34.101871,33.353592,33.917868,106795007
2025-06-16,33.979202,34.175472,33.181856,33.329059,84700319
2025-06-17,33.059188,33.243191,32.642114,33.083721,58542940
2025-06-18,33.476261,33.709331,33.132789,33.181856,46842633
2025-06-19,33.157323,33.365859,32.801584,33.046921,46081616
2025-06-20,32.973320,33.022387,32.666648,32.740249,29025148
2025-06-23,33.243191,33.414927,32.605314,32.801584,58067185
2025-06-24,31.918370,32.298642,31.611698,32.077839,63394250
2025-06-25,32.004238,32.200508,31.979704,32.175974,34057002
2025-06-26,32.175974,32.421311,32.126906,32.347710,27271177
2025-06-27,32.310909,32.359977,32.016505,32.041038,30670840
2025-06-30,32.053305,32.102373,31.820235,32.028771,24299299
2025-07-01,32.028771,32.090106,31.844769,32.053305,22734394
2025-07-02,32.114639,32.274109,32.090106,32.261842,27423260
2025-07-03,32.347710,32.396777,32.188241,32.249575,20256319
2025-07-04,32.212774,32.335443,32.126906,32.249575,19250141
2025-07-07,32.126906,32.126906,31.795701,31.881569,27522168
2025-07-08,31.942903,32.004238,31.869302,31.967437,19756506
2025-07-09,32.053305,32.188241,31.967437,32.090106,26809474
2025-07-10,32.114639,33.341325,32.053305,33.243191,111742920
2025-07-11,33.268274,33.431415,32.465117,32.502765,76221204
2025-07-14,32.753751,32.904343,32.678455,32.691005,29151481
2025-07-15,32.615709,32.665906,32.377271,32.389821,29630738
2025-07-16,32.427469,32.552962,32.339623,32.377271,20137929
2025-07-17,32.389821,32.452567,32.201581,32.251778,22191006
2025-07-18,32.339623,32.452567,32.251778,32.440018,21076445
2025-07-21,32.414919,32.653357,32.339623,32.628258,27982517
2025-07-22,32.615709,32.829047,32.477666,32.791399,35845926
2025-07-23,32.829047,33.004738,32.691005,32.703554,37279086
2025-07-24,32.753751,32.778850,32.540413,32.691005,32262787
2025-07-25,32.703554,32.854146,32.640807,32.703554,29947085
2025-07-28,32.628258,32.741202,32.364722,32.452567,34848254
2025-07-29,32.603159,32.816498,32.515314,32.778850,35630158
2025-07-30,32.954541,33.356119,32.904343,33.243175,50955283
2025-07-31,33.268274,33.293372,32.716103,32.829047,33658843
2025-08-01,32.665906,32.791399,32.465117,32.552962,32625309
2025-08-04,32.251778,32.377271,32.189031,32.364722,26615257
2025-08-05,32.377271,32.691005,32.251778,32.665906,23614993
2025-08-06,32.527863,32.691005,32.490215,32.640807,20157001
2025-08-07,32.603159,32.866695,32.527863,32.829047,26129174
2025-08-08,32.728653,33.105133,32.640807,32.891794,29040633
2025-08-11,32.866695,32.941991,32.414919,32.440018,43709587
2025-08-12,32.452567,32.716103,32.452567,32.665906,27896980
2025-08-13,32.603159,32.703554,32.477666,32.502765,28887532
2025-08-14,32.502765,32.590610,32.352173,32.377271,25867397
2025-08-15,32.402370,32.465117,32.239229,32.276877,34086688
2025-08-18,32.201581,32.301975,32.088637,32.088637,57478300
2025-08-19,32.088637,32.163933,32.000791,32.000791,30670867
2025-08-20,32.013341,32.151383,31.925496,32.101186,31082580
2025-08-21,32.126285,32.452567,32.113735,32.339623,38338795
2025-08-22,32.339623,32.352173,32.076087,32.201581,33948994
2025-08-25,32.314525,32.615709,32.126285,32.615709,52266722
2025-08-26,32.628258,32.753751,32.414919,32.628258,38503344
2025-08-27,32.490215,32.565511,31.963144,31.963144,60273020
2025-08-28,32.088637,32.377271,32.050989,32.339623,44513359
2025-08-29,32.440018,33.017287,32.189031,32.226679,85746920
2025-09-01,32.239229,32.565511,32.151383,32.552962,45863855
2025-09-02,32.640807,33.230626,32.628258,33.105133,100338899
2025-09-03,33.218077,33.343570,32.691005,32.929442,45092911
2025-09-04,32.628258,32.628258,31.887848,32.176482,83351569
2025-09-05,32.101186,32.339623,32.076087,32.301975,34427381
2025-09-08,32.101186,32.816498,32.063538,32.816498,58644723
2025-09-09,32.691005,32.891794,32.465117,32.565511,27724118
2025-09-10,32.691005,32.816498,32.465117,32.778850,27401330
2025-09-11,32.816498,32.992189,32.603159,32.904343,39731987
2025-09-12,32.766301,33.080034,32.753751,33.004738,40220516
2025-09-15,33.004738,33.080034,32.628258,32.967090,37908701
2025-09-16,32.941991,33.318471,32.879245,33.255724,50924747
2025-09-17,33.356119,33.757698,33.268274,33.644754,46337194
2025-09-18,33.506711,33.506711,32.653357,32.829047,60715542
2025-09-19,32.778850,33.230626,32.728653,33.130231,36263162
2025-09-22,33.142781,33.192978,32.778850,32.829047,27471815
2025-09-23,32.778850,33.092583,32.678455,32.766301,33420344
2025-09-24,32.879245,33.456514,32.879245,33.042386,35694697
2025-09-25,33.054935,33.519260,33.029837,33.381218,44561236
2025-09-26,33.318471,33.494162,33.218077,33.255724,22192550
2025-09-29,33.318471,33.356119,32.891794,33.130231,31542708
2025-09-30,32.829047,32.866695,32.477666,32.791399,51791066
2025-10-09,32.640807,33.230626,32.590610,33.218077,44343458
2025-10-10,33.130231,34.184375,33.080034,33.594556,64267198
2025-10-13,33.042386,33.406316,32.816498,33.029837,49644195
2025-10-14,33.067485,33.456514,32.904343,33.280823,40745536
2025-10-15,33.255724,33.443964,33.029837,33.243175,36484598
2025-10-16,33.230626,33.456514,33.142781,33.142781,42084968
2025-10-17,33.284434,33.374566,32.911030,32.949658,43029448
2025-10-20,33.014038,33.606334,32.833774,33.606334,40769817
2025-10-21,33.606334,33.928234,33.310186,33.747970,39065539
2025-10-22,33.747970,35.009817,33.709342,34.932561,88966943
2025-10-23,35.344593,35.666492,35.035569,35.396097,72942342
2025-10-24,35.370345,35.602112,34.958313,35.164329,51313085
2025-10-27,35.164329,35.988392,34.906809,35.705120,54081187
2025-10-28,35.627864,35.924012,34.945437,34.971189,38549352
2025-10-29,34.932561,35.112825,34.778049,34.958313,26318448
2025-10-30,34.893933,35.331717,34.739421,34.778049,29202282
2025-10-31,34.996941,35.099949,34.494777,34.906809,39873695
2025-11-03,34.945437,36.696571,34.945437,36.593564,80921835
2025-11-04,36.580688,36.773827,36.065648,36.233036,32824087
2025-11-05,36.027020,36.065648,35.730872,35.782376,27510054
2025-11-06,35.730872,36.670820,35.576360,36.439052,31804571
2025-11-07,36.503432,36.799579,36.310292,36.632192,27390216
2025-11-10,36.567812,37.585015,36.413300,37.391875,49767590
2025-11-11,37.533511,37.572139,36.966967,37.160107,30650455
2025-11-12,37.340371,38.718102,37.275991,38.100054,57817867
2025-11-13,37.366123,37.572139,36.760951,37.301743,55793637
2025-11-14,37.211611,37.700899,37.185859,37.366123,33957700
2025-11-17,37.237363,37.932667,36.979843,37.288867,43672877
2025-11-18,37.147231,37.456255,36.580688,36.799579,34297819
2025-11-19,36.799579,38.125806,36.696571,38.009922,50001979
2025-11-20,37.610767,38.215938,37.559263,37.597891,35354696
2025-11-21,37.469131,37.662271,36.915463,37.224487,40834445
2025-11-24,37.082851,37.211611,35.962640,36.052772,43554829
2025-11-25,36.233036,36.464804,35.924012,36.258788,32977051
2025-11-26,36.091400,36.439052,35.524856,35.808128,41140313
2025-11-27,35.898260,36.336044,35.537732,36.155780,38510818
2025-11-28,36.297416,36.413300,35.640740,35.782376,32894844
2025-12-01,36.039896,36.812455,35.872508,36.670820,51639718
2025-12-02,36.670820,37.314619,36.632192,37.031347,29593607
2025-12-03,36.915463,37.237363,36.773827,36.979843,21342087
2025-12-04,37.134355,37.597891,37.134355,37.443379,26390326
2025-12-05,37.520635,37.585015,37.018471,37.263115,22564897
2025-12-08,37.327495,37.353247,36.619316,36.748075,26417450
2025-12-09,36.439052,36.812455,36.194408,36.336044,22333298
2025-12-10,36.336044,36.529184,36.168656,36.323168,17848830
2025-12-11,36.503432,37.044223,36.181532,36.323168,33972364
2025-12-12,36.310292,36.799579,36.207284,36.567812,44287118
2025-12-15,36.554936,36.876835,36.413300,36.464804,25985202
2025-12-16,36.310292,36.361796,35.872508,36.027020,28413851
2025-12-17,35.769500,36.439052,35.666492,36.374672,31840593
2025-12-18,36.567812,37.057099,36.361796,36.786703,29085749
2025-12-19,36.696571,36.773827,35.743748,35.782376,57495040
2025-12-22,35.795252,35.833880,35.215833,35.602112,47987787
2025-12-23,35.756624,36.284540,35.679368,36.194408,43319035
2025-12-24,36.181532,36.207284,35.808128,36.194408,24436922
2025-12-25,36.207284,36.451928,36.091400,36.220160,24055585
2025-12-26,36.194408,36.567812,36.117152,36.451928,27351498
2025-12-29,36.310292,37.391875,36.271664,37.263115,48283938
2025-12-30,37.250239,38.730978,37.185859,38.447706,58502566
2025-12-31,38.524962,39.091506,38.396202,38.859738,44404661
2026-01-05,39.091506,39.194514,36.979843,37.391875,93724049
2026-01-06,37.391875,38.473458,37.185859,38.357574,58133873
2026-01-07,37.919791,37.958419,36.426176,36.812455,102101114
2026-01-08,36.632192,36.748075,36.451928,36.554936,34394293
2026-01-09,37.082851,37.263115,36.722323,37.005595,47851948
2026-01-12,37.044223,37.095727,36.722323,36.838207,33872173
2026-01-13,36.863959,38.499210,36.851083,38.151558,78529987
2026-01-14,38.486334,38.756730,37.803907,38.074302,67513177
2026-01-15,37.855411,39.194514,37.726651,38.679474,59152252
2026-01-16,38.112930,38.730978,37.482007,37.765279,47089149
2026-01-19,37.700899,38.215938,37.546387,37.894039,31939179
2026-01-20,37.919791,38.344698,37.829659,38.164434,28448845
2026-01-21,38.151558,39.387653,38.151558,39.349025,62747321
2026-01-22,39.722429,41.705332,39.670925,40.971400,85592281
2026-01-23,40.958524,40.958524,39.902693,40.430609,56200956
2026-01-26,41.074408,43.263326,41.074408,43.121691,87760309
2026-01-27,42.928551,43.829870,42.336255,42.812667,74748782
2026-01-28,43.688234,46.636836,43.675358,45.799896,117561908
2026-01-29,47.138999,47.512403,45.413617,46.894356,120933154
2026-01-30,46.894356,47.345015,44.422165,45.735516,94067808
2026-02-02,43.585226,45.053089,43.173194,43.173194,86800415
2026-02-03,42.735411,43.520846,42.555147,43.495094,43387187
2026-02-04,44.357786,44.628181,43.520846,43.791242,43570798
2026-02-05,44.216150,44.679685,42.915675,43.366334,44198798
2026-02-06,42.233247,44.499421,42.130239,44.164646,51086732
2026-02-09,44.035886,44.306282,43.688234,43.894250,32141923
2026-02-10,44.151770,44.885701,44.113142,44.190398,34229834
2026-02-11,44.138894,45.040213,43.662482,44.847073,41183351
2026-02-12,45.091717,45.941532,45.001585,45.761268,45157985
2026-02-13,44.422165,44.744065,43.855622,44.280530,36105360
2026-02-24,46.096044,47.975939,46.070292,47.924435,86902139
2026-02-25,48.027443,48.027443,46.160424,46.855728,83545473
2026-02-26,46.495200,46.945860,45.581005,45.671137,44788212
2026-02-27,45.684013,46.263432,45.439369,46.186176,33582801
2026-03-02,50.808657,50.808657,48.800002,50.808657,177271865
2026-03-03,53.808762,55.894673,52.791559,55.894673,253280221
2026-03-04,57.298156,57.298156,50.306493,55.173617,262523548
2026-03-05,54.079158,55.173617,52.225015,53.564118,168716941
2026-03-06,52.366651,54.568446,51.066176,52.134884,122718533
2026-03-09,57.349659,57.349659,55.366757,55.830293,213415357
2026-03-10,50.254989,53.641374,50.254989,52.765807,165158546
2026-03-11,51.761480,54.182166,51.761480,53.770134,120809993
2026-03-12,54.877469,55.688657,53.628498,55.366757,149555523
2026-03-13,56.010556,56.216572,53.306599,54.079158,119988433
2026-03-16,54.336678,55.212245,53.010451,53.061955,79104697
2026-03-17,52.160635,53.255095,51.375200,52.096256,84783950
2026-03-18,51.439580,51.748604,49.701321,51.375200,86598038
2026-03-19,53.203591,54.594198,52.534039,54.388182,136230400
2026-03-20,51.954620,54.504066,51.903116,53.963274,92530627
2026-03-23,54.439686,55.624277,53.718630,54.207918,102731338
2026-03-24,52.688551,54.079158,52.688551,54.014778,80682428
2026-03-25,52.482535,52.637047,50.885912,52.250767,103630426
2026-03-26,52.237891,53.049079,51.864488,52.701427,63708531
2026-03-27,52.572667,53.319475,51.980372,52.881691,53363849
2026-03-30,54.066282,54.336678,52.649923,52.920319,62496564
2026-03-31,52.868815,53.370979,51.375200,51.503960,58721335
2026-04-01,50.332245,51.722852,49.572561,49.752825,74930937
2026-04-02,50.473881,51.091928,50.100477,50.641269,72634594
2026-04-03,50.860160,50.924540,50.048973,50.448129,50521214
2026-04-07,50.461005,51.735728,49.830081,51.194936,67432877
2026-04-08,47.010239,48.490978,47.010239,48.117575,115704938
2026-04-09,48.349342,49.443802,47.963063,49.327918,74275166
2026-04-10,48.928762,49.521058,48.774250,49.057522,44690902
2026-04-13,50.113353,50.190609,48.568234,49.070398,61718118
2026-04-14,48.452350,48.928762,48.027443,48.542482,52072187
2026-04-15,47.654039,47.782799,46.714092,47.499527,69023357
2026-04-16,47.061743,47.885807,46.932984,47.589659,51632816
2026-04-17,47.615411,48.220583,47.332139,48.078947,40717495
2026-04-20,47.654039,48.336466,46.997363,47.847179,47723684
2026-04-21,47.847179,48.413722,47.769923,48.207707,34600448
2026-04-22,48.516730,48.735622,47.654039,47.757047,37740721
2026-04-23,48.091823,49.340794,47.847179,48.980266,63611635
2026-04-24,49.186282,49.920213,48.928762,49.418050,52500265
2026-04-27,49.418050,50.448129,49.057522,49.984593,52421955
2026-04-28,49.997469,51.375200,49.920213,51.207812,51862072
2026-04-29,51.297944,51.838736,50.782905,51.439580,58409740
2026-04-30,52.019000,52.173511,51.117680,51.491084,44954450
2026-05-06,50.216361,50.357997,49.134778,49.289290,68355900
2026-05-07,47.911559,48.439474,46.739844,46.817100,75175334
2026-05-08,47.254883,47.409395,46.714092,46.804224,40022426
2026-05-11,47.254883,47.357891,46.585332,46.675464,44247806
2026-05-12,46.611084,46.958736,46.482324,46.598208,39542827
2026-05-13,46.636836,47.319263,46.508076,46.623960,33859530
2026-05-14,46.430820,46.714092,46.224804,46.430820,35381239
2026-05-15,46.469448,47.216255,45.902904,47.010239,43335029
2026-05-18,47.628287,48.091823,47.229131,47.512403,46406051
2026-05-19,47.306387,47.602535,46.829976,47.538155,37102340
2026-05-20,47.499527,48.928762,47.319263,48.387970,47917496
2026-05-21,47.061743,47.293511,46.611084,46.636836,45989572
2026-05-22,46.353564,46.662588,45.709764,46.134672,34131129
2026-05-25,44.950081,45.825648,44.435041,44.576677,60717880
2026-05-26,44.576677,45.426493,44.538049,45.284857,39175550
2026-05-27,45.065965,45.271981,43.662482,43.894250,42409024
2026-05-28,43.778366,44.988709,43.662482,44.370662,37581807
2026-05-29,43.855622,44.499421,43.301954,44.293406,39094738
2026-06-01,44.460793,45.040213,44.164646,44.834197,37576693
2026-06-02,45.323485,46.430820,45.117469,45.297733,41746362
2026-06-03,45.310609,46.829976,45.143221,46.714092,55082358
2026-06-04,46.250556,46.250556,45.387865,45.645385,34974600
2026-06-05,45.001585,46.018788,44.821321,45.297733,37917848
2026-06-08,45.400741,47.898683,45.310609,47.087495,72168509
2026-06-09,45.928656,46.353564,44.821321,45.117469,57517725
2026-06-10,45.143221,45.259105,43.649606,43.842746,40791649
2026-06-11,44.705437,44.885701,42.941427,43.546598,48075267
2026-06-12,42.310503,43.765490,42.310503,42.954303,66967423
2026-06-15,41.254672,41.589448,40.713880,40.971400,80481244
2026-06-16,40.919896,41.113036,40.121585,40.263221,48980769
2026-06-17,39.928445,40.430609,39.529289,40.430609,55561914
2026-06-18,40.353353,40.456361,39.194514,39.529289,44971449
2026-06-22,40.108709,40.121585,39.014250,39.323273,60762181
2026-06-23,39.027126,39.529289,37.636519,37.778155,69425056
2026-06-24,37.482007,38.022798,37.224487,37.610767,50175753
2026-06-25,36.632192,37.031347,35.486228,35.705120,98418625
2026-06-26,36.052772,36.181532,34.739421,35.241585,63766119
2026-06-29,35.344593,35.666492,34.765173,35.202957,57631540
2026-06-30,35.048445,35.099949,34.314513,34.958313,52562781
2026-07-01,34.893933,35.344593,34.649289,34.790925,48364074
2026-07-02,34.121373,34.945437,33.992614,34.443273,63347108
2026-07-03,34.610661,35.821004,34.584909,35.653616,63812160
2026-07-06,35.447600,36.606440,35.254461,36.400424,63463043
2026-07-07,36.413300,36.683696,35.833880,36.567812,55607294
2026-07-08,37.314619,37.610767,36.760951,37.031347,75052774
2026-07-09,37.404751,37.649395,36.413300,36.503432,70917904
2026-07-10,36.018813,37.197610,36.018813,36.870166,50112154
2026-07-13,37.682227,37.787009,36.909459,37.747715,64126826
2026-07-14,38.651460,39.136077,37.590542,38.664558,96404155
2026-07-15,37.891791,39.227761,37.642933,39.018197,62296348
2026-07-16,38.874122,39.214664,37.826302,37.931084,53499102
2026-07-17,37.996573,38.441896,37.747715,37.944182,49011962
2026-07-20,38.769340,41.742529,38.651460,41.742529,96424379
2026-07-21,41.650845,41.886604,40.288679,40.511341,105543363
2026-07-22,41.493672,42.737958,41.205522,42.423612,88384881
2026-07-23,42.960620,43.615507,42.436710,43.209477,81349712
2026-07-24,44.100124,44.309688,41.663943,41.794920,101079075
2026-07-27,40.013626,41.650845,39.293250,41.323401,107389567
2026-07-28,39.843356,41.297206,39.843356,41.022153,54000021
2026-07-29,41.388890,42.148559,41.179326,41.231717,44911865
2026-07-30,42.017582,42.855838,41.768725,42.633176,61887731
2026-07-31,41.310304,42.266439,41.310304,42.253341,47873736
2026-08-03,41.650845,42.672469,41.585356,41.716334,49792705
2026-08-04,41.663943,41.912800,41.323401,41.336499,38155475
2026-08-05,40.498243,40.851882,40.026724,40.196995,68020642
2026-08-06,39.961235,40.589927,39.843356,40.550634,41578789
2026-08-07,40.995958,41.244815,40.629221,41.035251,43458348
2026-08-10,41.388890,42.410514,41.100740,41.912800,46468834
